date,shift,line_id,station,planned_minutes,downtime_minutes,ideal_cycle_sec,units_produced,defective_units
2026-09-01,A,LINE_A,S1_CUTTING,480,28.1,30,789,17
2026-09-01,A,LINE_A,S2_WELDING,480,16.5,42,637,15
2026-09-01,A,LINE_A,S3_PAINTING,480,22.1,36,633,29
2026-09-01,A,LINE_A,S4_ASSEMBLY,480,14.5,33,786,30
2026-09-01,A,LINE_B,S1_CUTTING,480,9.2,30,835,29
2026-09-01,A,LINE_B,S2_WELDING,480,0.0,42,609,6
2026-09-01,A,LINE_B,S3_PAINTING,480,30.7,36,721,32
2026-09-01,A,LINE_B,S4_ASSEMBLY,480,39.7,33,655,7
2026-09-01,B,LINE_A,S1_CUTTING,480,9.3,30,818,21
2026-09-01,B,LINE_A,S2_WELDING,480,13.1,42,603,19
2026-09-01,B,LINE_A,S3_PAINTING,480,17.9,36,681,26
2026-09-01,B,LINE_A,S4_ASSEMBLY,480,12.9,33,802,28
2026-09-01,B,LINE_B,S1_CUTTING,480,46.7,30,723,21
2026-09-01,B,LINE_B,S2_WELDING,480,19.5,42,607,7
2026-09-01,B,LINE_B,S3_PAINTING,480,35.5,36,661,31
2026-09-01,B,LINE_B,S4_ASSEMBLY,480,15.5,33,677,9
2026-09-01,C,LINE_A,S1_CUTTING,480,32.9,30,859,27
2026-09-01,C,LINE_A,S2_WELDING,480,25.7,42,595,17
2026-09-01,C,LINE_A,S3_PAINTING,480,36.1,36,660,24
2026-09-01,C,LINE_A,S4_ASSEMBLY,480,22.9,33,771,19
2026-09-01,C,LINE_B,S1_CUTTING,480,19.6,30,801,28
2026-09-01,C,LINE_B,S2_WELDING,480,28.7,42,595,10
2026-09-01,C,LINE_B,S3_PAINTING,480,44.1,36,622,21
2026-09-01,C,LINE_B,S4_ASSEMBLY,480,12.2,33,785,17
2026-09-02,A,LINE_A,S1_CUTTING,480,28.8,30,829,21
2026-09-02,A,LINE_A,S2_WELDING,480,29.6,42,601,12
2026-09-02,A,LINE_A,S3_PAINTING,480,15.9,36,622,24
2026-09-02,A,LINE_A,S4_ASSEMBLY,480,5.8,33,819,8
2026-09-02,A,LINE_B,S1_CUTTING,480,29.4,30,836,16
2026-09-02,A,LINE_B,S2_WELDING,480,19.5,42,544,9
2026-09-02,A,LINE_B,S3_PAINTING,480,26.6,36,610,26
2026-09-02,A,LINE_B,S4_ASSEMBLY,480,22.2,33,764,15
2026-09-02,B,LINE_A,S1_CUTTING,480,9.9,30,761,28
2026-09-02,B,LINE_A,S2_WELDING,480,21.9,42,531,17
2026-09-02,B,LINE_A,S3_PAINTING,480,23.2,36,668,39
2026-09-02,B,LINE_A,S4_ASSEMBLY,480,4.6,33,815,28
2026-09-02,B,LINE_B,S1_CUTTING,480,17.5,30,825,11
2026-09-02,B,LINE_B,S2_WELDING,480,18.9,42,574,21
2026-09-02,B,LINE_B,S3_PAINTING,480,29.5,36,661,21
2026-09-02,B,LINE_B,S4_ASSEMBLY,480,18.0,33,725,28
2026-09-02,C,LINE_A,S1_CUTTING,480,28.0,30,738,8
2026-09-02,C,LINE_A,S2_WELDING,480,32.1,42,568,9
2026-09-02,C,LINE_A,S3_PAINTING,480,15.1,36,661,20
2026-09-02,C,LINE_A,S4_ASSEMBLY,480,39.7,33,745,14
2026-09-02,C,LINE_B,S1_CUTTING,480,44.2,30,745,8
2026-09-02,C,LINE_B,S2_WELDING,480,23.6,42,601,12
2026-09-02,C,LINE_B,S3_PAINTING,480,24.3,36,641,25
2026-09-02,C,LINE_B,S4_ASSEMBLY,480,37.1,33,747,11
2026-09-03,A,LINE_A,S1_CUTTING,480,11.7,30,902,13
2026-09-03,A,LINE_A,S2_WELDING,480,20.6,42,565,15
2026-09-03,A,LINE_A,S3_PAINTING,480,20.5,36,728,31
2026-09-03,A,LINE_A,S4_ASSEMBLY,480,18.7,33,743,24
2026-09-03,A,LINE_B,S1_CUTTING,480,17.9,30,851,10
2026-09-03,A,LINE_B,S2_WELDING,480,4.0,42,634,6
2026-09-03,A,LINE_B,S3_PAINTING,480,18.8,36,694,37
2026-09-03,A,LINE_B,S4_ASSEMBLY,480,12.9,33,689,20
2026-09-03,B,LINE_A,S1_CUTTING,480,26.1,30,742,18
2026-09-03,B,LINE_A,S2_WELDING,480,15.8,42,569,12
2026-09-03,B,LINE_A,S3_PAINTING,480,9.0,36,731,27
2026-09-03,B,LINE_A,S4_ASSEMBLY,480,9.2,33,759,9
2026-09-03,B,LINE_B,S1_CUTTING,480,12.8,30,771,13
2026-09-03,B,LINE_B,S2_WELDING,480,1.9,42,603,13
2026-09-03,B,LINE_B,S3_PAINTING,480,32.7,36,640,19
2026-09-03,B,LINE_B,S4_ASSEMBLY,480,20.0,33,681,10
2026-09-03,C,LINE_A,S1_CUTTING,480,35.3,30,851,13
2026-09-03,C,LINE_A,S2_WELDING,480,50.8,42,495,9
2026-09-03,C,LINE_A,S3_PAINTING,480,37.7,36,603,29
2026-09-03,C,LINE_A,S4_ASSEMBLY,480,36.2,33,755,20
2026-09-03,C,LINE_B,S1_CUTTING,480,24.3,30,754,14
2026-09-03,C,LINE_B,S2_WELDING,480,47.3,42,542,15
2026-09-03,C,LINE_B,S3_PAINTING,480,40.3,36,670,32
2026-09-03,C,LINE_B,S4_ASSEMBLY,480,31.6,33,774,24
2026-09-04,A,LINE_A,S1_CUTTING,480,25.7,30,732,23
2026-09-04,A,LINE_A,S2_WELDING,480,21.7,42,626,18
2026-09-04,A,LINE_A,S3_PAINTING,480,22.2,36,615,28
2026-09-04,A,LINE_A,S4_ASSEMBLY,480,45.1,33,758,23
2026-09-04,A,LINE_B,S1_CUTTING,480,25.1,30,844,25
2026-09-04,A,LINE_B,S2_WELDING,480,24.8,42,584,14
2026-09-04,A,LINE_B,S3_PAINTING,480,6.9,36,662,38
2026-09-04,A,LINE_B,S4_ASSEMBLY,480,8.7,33,749,12
2026-09-04,B,LINE_A,S1_CUTTING,480,17.8,30,831,12
2026-09-04,B,LINE_A,S2_WELDING,480,20.3,42,554,10
2026-09-04,B,LINE_A,S3_PAINTING,480,10.4,36,703,29
2026-09-04,B,LINE_A,S4_ASSEMBLY,480,41.4,33,687,26
2026-09-04,B,LINE_B,S1_CUTTING,480,11.9,30,858,22
2026-09-04,B,LINE_B,S2_WELDING,480,13.9,42,569,11
2026-09-04,B,LINE_B,S3_PAINTING,480,15.2,36,653,22
2026-09-04,B,LINE_B,S4_ASSEMBLY,480,39.8,33,640,14
2026-09-04,C,LINE_A,S1_CUTTING,480,10.0,30,813,28
2026-09-04,C,LINE_A,S2_WELDING,480,40.5,42,573,17
2026-09-04,C,LINE_A,S3_PAINTING,480,28.7,36,651,28
2026-09-04,C,LINE_A,S4_ASSEMBLY,480,25.7,33,694,26
2026-09-04,C,LINE_B,S1_CUTTING,480,33.7,30,782,8
2026-09-04,C,LINE_B,S2_WELDING,480,18.3,42,634,23
2026-09-04,C,LINE_B,S3_PAINTING,480,43.0,36,662,22
2026-09-04,C,LINE_B,S4_ASSEMBLY,480,41.0,33,674,18
2026-09-05,A,LINE_A,S1_CUTTING,480,15.8,30,880,16
2026-09-05,A,LINE_A,S2_WELDING,480,31.1,42,546,14
2026-09-05,A,LINE_A,S3_PAINTING,480,27.7,36,703,39
2026-09-05,A,LINE_A,S4_ASSEMBLY,480,17.9,33,766,29
2026-09-05,A,LINE_B,S1_CUTTING,480,13.1,30,773,15
2026-09-05,A,LINE_B,S2_WELDING,480,38.0,42,516,12
2026-09-05,A,LINE_B,S3_PAINTING,480,7.6,36,655,25
2026-09-05,A,LINE_B,S4_ASSEMBLY,480,8.9,33,807,12
2026-09-05,B,LINE_A,S1_CUTTING,480,17.7,30,837,21
2026-09-05,B,LINE_A,S2_WELDING,480,19.8,42,611,13
2026-09-05,B,LINE_A,S3_PAINTING,480,12.0,36,713,22
2026-09-05,B,LINE_A,S4_ASSEMBLY,480,25.7,33,725,10
2026-09-05,B,LINE_B,S1_CUTTING,480,25.9,30,776,17
2026-09-05,B,LINE_B,S2_WELDING,480,11.4,42,603,22
2026-09-05,B,LINE_B,S3_PAINTING,480,28.7,36,662,26
2026-09-05,B,LINE_B,S4_ASSEMBLY,480,32.0,33,675,8
2026-09-05,C,LINE_A,S1_CUTTING,480,21.9,30,787,8
2026-09-05,C,LINE_A,S2_WELDING,480,34.6,42,536,19
2026-09-05,C,LINE_A,S3_PAINTING,480,41.8,36,621,23
2026-09-05,C,LINE_A,S4_ASSEMBLY,480,44.4,33,743,28
2026-09-05,C,LINE_B,S1_CUTTING,480,33.8,30,804,14
2026-09-05,C,LINE_B,S2_WELDING,480,28.0,42,598,15
2026-09-05,C,LINE_B,S3_PAINTING,480,28.1,36,617,36
2026-09-05,C,LINE_B,S4_ASSEMBLY,480,15.5,33,812,24
2026-09-06,A,LINE_A,S1_CUTTING,480,13.2,30,871,23
2026-09-06,A,LINE_A,S2_WELDING,480,30.3,42,534,20
2026-09-06,A,LINE_A,S3_PAINTING,480,3.0,36,713,25
2026-09-06,A,LINE_A,S4_ASSEMBLY,480,39.7,33,669,18
2026-09-06,A,LINE_B,S1_CUTTING,480,23.4,30,789,26
2026-09-06,A,LINE_B,S2_WELDING,480,7.8,42,562,12
2026-09-06,A,LINE_B,S3_PAINTING,480,16.7,36,650,27
2026-09-06,A,LINE_B,S4_ASSEMBLY,480,26.0,33,666,22
2026-09-06,B,LINE_A,S1_CUTTING,480,28.3,30,831,10
2026-09-06,B,LINE_A,S2_WELDING,480,15.9,42,604,20
2026-09-06,B,LINE_A,S3_PAINTING,480,11.8,36,697,39
2026-09-06,B,LINE_A,S4_ASSEMBLY,480,4.6,33,709,14
2026-09-06,B,LINE_B,S1_CUTTING,480,30.1,30,743,10
2026-09-06,B,LINE_B,S2_WELDING,480,8.1,42,584,8
2026-09-06,B,LINE_B,S3_PAINTING,480,12.3,36,625,26
2026-09-06,B,LINE_B,S4_ASSEMBLY,480,17.4,33,753,21
2026-09-06,C,LINE_A,S1_CUTTING,480,34.3,30,790,30
2026-09-06,C,LINE_A,S2_WELDING,480,38.9,42,606,23
2026-09-06,C,LINE_A,S3_PAINTING,480,11.8,36,700,38
2026-09-06,C,LINE_A,S4_ASSEMBLY,480,45.7,33,733,13
2026-09-06,C,LINE_B,S1_CUTTING,480,31.5,30,753,22
2026-09-06,C,LINE_B,S2_WELDING,480,35.6,42,546,14
2026-09-06,C,LINE_B,S3_PAINTING,480,33.5,36,712,30
2026-09-06,C,LINE_B,S4_ASSEMBLY,480,18.7,33,691,8
2026-09-07,A,LINE_A,S1_CUTTING,480,14.7,30,819,21
2026-09-07,A,LINE_A,S2_WELDING,480,9.0,42,558,10
2026-09-07,A,LINE_A,S3_PAINTING,480,23.1,36,622,27
2026-09-07,A,LINE_A,S4_ASSEMBLY,480,15.9,33,799,24
2026-09-07,A,LINE_B,S1_CUTTING,480,17.7,30,758,11
2026-09-07,A,LINE_B,S2_WELDING,480,17.7,42,561,11
2026-09-07,A,LINE_B,S3_PAINTING,480,14.6,36,677,27
2026-09-07,A,LINE_B,S4_ASSEMBLY,480,12.4,33,684,16
2026-09-07,B,LINE_A,S1_CUTTING,480,30.1,30,801,24
2026-09-07,B,LINE_A,S2_WELDING,480,14.5,42,548,15
2026-09-07,B,LINE_A,S3_PAINTING,480,22.9,36,655,22
2026-09-07,B,LINE_A,S4_ASSEMBLY,480,11.1,33,738,17
2026-09-07,B,LINE_B,S1_CUTTING,480,32.0,30,819,15
2026-09-07,B,LINE_B,S2_WELDING,480,28.1,42,523,9
2026-09-07,B,LINE_B,S3_PAINTING,480,0.0,36,693,21
2026-09-07,B,LINE_B,S4_ASSEMBLY,480,13.7,33,817,17
2026-09-07,C,LINE_A,S1_CUTTING,480,45.9,30,749,19
2026-09-07,C,LINE_A,S2_WELDING,480,20.3,42,596,11
2026-09-07,C,LINE_A,S3_PAINTING,480,44.6,36,647,32
2026-09-07,C,LINE_A,S4_ASSEMBLY,480,28.2,33,674,13
2026-09-07,C,LINE_B,S1_CUTTING,480,0.0,30,912,21
2026-09-07,C,LINE_B,S2_WELDING,480,29.9,42,551,11
2026-09-07,C,LINE_B,S3_PAINTING,480,32.2,36,668,22
2026-09-07,C,LINE_B,S4_ASSEMBLY,480,40.0,33,691,21
2026-09-08,A,LINE_A,S1_CUTTING,480,19.4,30,870,33
2026-09-08,A,LINE_A,S2_WELDING,480,19.5,42,542,14
2026-09-08,A,LINE_A,S3_PAINTING,480,15.4,36,677,32
2026-09-08,A,LINE_A,S4_ASSEMBLY,480,18.7,33,806,25
2026-09-08,A,LINE_B,S1_CUTTING,480,28.7,30,785,27
2026-09-08,A,LINE_B,S2_WELDING,480,26.1,42,548,14
2026-09-08,A,LINE_B,S3_PAINTING,480,22.7,36,655,29
2026-09-08,A,LINE_B,S4_ASSEMBLY,480,18.6,33,694,12
2026-09-08,B,LINE_A,S1_CUTTING,480,8.7,30,785,9
2026-09-08,B,LINE_A,S2_WELDING,480,11.2,42,554,5
2026-09-08,B,LINE_A,S3_PAINTING,480,12.6,36,723,27
2026-09-08,B,LINE_A,S4_ASSEMBLY,480,20.5,33,792,25
2026-09-08,B,LINE_B,S1_CUTTING,480,5.6,30,853,33
2026-09-08,B,LINE_B,S2_WELDING,480,9.7,42,629,8
2026-09-08,B,LINE_B,S3_PAINTING,480,28.3,36,728,22
2026-09-08,B,LINE_B,S4_ASSEMBLY,480,19.3,33,781,25
2026-09-08,C,LINE_A,S1_CUTTING,480,55.1,30,821,10
2026-09-08,C,LINE_A,S2_WELDING,480,29.1,42,585,9
2026-09-08,C,LINE_A,S3_PAINTING,480,50.5,36,651,32
2026-09-08,C,LINE_A,S4_ASSEMBLY,480,43.5,33,697,21
2026-09-08,C,LINE_B,S1_CUTTING,480,45.2,30,730,20
2026-09-08,C,LINE_B,S2_WELDING,480,53.2,42,571,12
2026-09-08,C,LINE_B,S3_PAINTING,480,31.7,36,714,30
2026-09-08,C,LINE_B,S4_ASSEMBLY,480,39.6,33,764,14
2026-09-09,A,LINE_A,S1_CUTTING,480,25.6,30,816,18
2026-09-09,A,LINE_A,S2_WELDING,480,31.2,42,530,5
2026-09-09,A,LINE_A,S3_PAINTING,480,29.3,36,712,28
2026-09-09,A,LINE_A,S4_ASSEMBLY,480,15.0,33,709,17
2026-09-09,A,LINE_B,S1_CUTTING,480,22.4,30,770,16
2026-09-09,A,LINE_B,S2_WELDING,480,17.9,42,539,12
2026-09-09,A,LINE_B,S3_PAINTING,480,27.0,36,615,25
2026-09-09,A,LINE_B,S4_ASSEMBLY,480,10.7,33,817,23
2026-09-09,B,LINE_A,S1_CUTTING,480,25.5,30,808,27
2026-09-09,B,LINE_A,S2_WELDING,480,6.3,42,606,12
2026-09-09,B,LINE_A,S3_PAINTING,480,29.3,36,713,36
2026-09-09,B,LINE_A,S4_ASSEMBLY,480,22.4,33,753,24
2026-09-09,B,LINE_B,S1_CUTTING,480,23.3,30,757,23
2026-09-09,B,LINE_B,S2_WELDING,480,22.4,42,529,19
2026-09-09,B,LINE_B,S3_PAINTING,480,10.6,36,675,40
2026-09-09,B,LINE_B,S4_ASSEMBLY,480,10.5,33,763,24
2026-09-09,C,LINE_A,S1_CUTTING,480,32.5,30,826,16
2026-09-09,C,LINE_A,S2_WELDING,480,24.3,42,568,8
2026-09-09,C,LINE_A,S3_PAINTING,480,32.8,36,654,26
2026-09-09,C,LINE_A,S4_ASSEMBLY,480,22.8,33,788,10
2026-09-09,C,LINE_B,S1_CUTTING,480,35.5,30,797,31
2026-09-09,C,LINE_B,S2_WELDING,480,34.6,42,534,15
2026-09-09,C,LINE_B,S3_PAINTING,480,42.0,36,684,24
2026-09-09,C,LINE_B,S4_ASSEMBLY,480,40.7,33,639,20
2026-09-10,A,LINE_A,S1_CUTTING,480,8.2,30,792,22
2026-09-10,A,LINE_A,S2_WELDING,480,19.5,42,532,9
2026-09-10,A,LINE_A,S3_PAINTING,480,35.4,36,667,29
2026-09-10,A,LINE_A,S4_ASSEMBLY,480,16.8,33,696,25
2026-09-10,A,LINE_B,S1_CUTTING,480,24.9,30,882,26
2026-09-10,A,LINE_B,S2_WELDING,480,4.3,42,610,6
2026-09-10,A,LINE_B,S3_PAINTING,480,17.5,36,685,20
2026-09-10,A,LINE_B,S4_ASSEMBLY,480,2.0,33,747,13
2026-09-10,B,LINE_A,S1_CUTTING,480,25.2,30,770,28
2026-09-10,B,LINE_A,S2_WELDING,480,13.9,42,569,7
2026-09-10,B,LINE_A,S3_PAINTING,480,19.8,36,707,21
2026-09-10,B,LINE_A,S4_ASSEMBLY,480,0.0,33,737,13
2026-09-10,B,LINE_B,S1_CUTTING,480,14.6,30,896,31
2026-09-10,B,LINE_B,S2_WELDING,480,19.2,42,581,11
2026-09-10,B,LINE_B,S3_PAINTING,480,10.6,36,669,37
2026-09-10,B,LINE_B,S4_ASSEMBLY,480,30.6,33,710,28
2026-09-10,C,LINE_A,S1_CUTTING,480,25.9,30,738,15
2026-09-10,C,LINE_A,S2_WELDING,480,47.9,42,496,6
2026-09-10,C,LINE_A,S3_PAINTING,480,32.9,36,721,29
2026-09-10,C,LINE_A,S4_ASSEMBLY,480,38.2,33,760,22
2026-09-10,C,LINE_B,S1_CUTTING,480,46.9,30,714,12
2026-09-10,C,LINE_B,S2_WELDING,480,32.8,42,598,9
2026-09-10,C,LINE_B,S3_PAINTING,480,34.4,36,611,27
2026-09-10,C,LINE_B,S4_ASSEMBLY,480,12.7,33,823,17
2026-09-11,A,LINE_A,S1_CUTTING,480,25.3,30,807,30
2026-09-11,A,LINE_A,S2_WELDING,480,0.0,42,643,14
2026-09-11,A,LINE_A,S3_PAINTING,480,28.1,36,666,37
2026-09-11,A,LINE_A,S4_ASSEMBLY,480,14.5,33,731,24
2026-09-11,A,LINE_B,S1_CUTTING,480,26.6,30,767,14
2026-09-11,A,LINE_B,S2_WELDING,480,22.7,42,615,16
2026-09-11,A,LINE_B,S3_PAINTING,480,3.3,36,644,38
2026-09-11,A,LINE_B,S4_ASSEMBLY,480,13.3,33,697,24
2026-09-11,B,LINE_A,S1_CUTTING,480,18.7,30,784,20
2026-09-11,B,LINE_A,S2_WELDING,480,17.1,42,531,21
2026-09-11,B,LINE_A,S3_PAINTING,480,18.7,36,621,19
2026-09-11,B,LINE_A,S4_ASSEMBLY,480,7.2,33,734,27
2026-09-11,B,LINE_B,S1_CUTTING,480,17.5,30,791,18
2026-09-11,B,LINE_B,S2_WELDING,480,23.0,42,591,14
2026-09-11,B,LINE_B,S3_PAINTING,480,19.6,36,703,29
2026-09-11,B,LINE_B,S4_ASSEMBLY,480,18.2,33,757,12
2026-09-11,C,LINE_A,S1_CUTTING,480,43.0,30,737,27
2026-09-11,C,LINE_A,S2_WELDING,480,28.5,42,622,20
2026-09-11,C,LINE_A,S3_PAINTING,480,29.2,36,646,31
2026-09-11,C,LINE_A,S4_ASSEMBLY,480,38.4,33,760,30
2026-09-11,C,LINE_B,S1_CUTTING,480,50.4,30,801,29
2026-09-11,C,LINE_B,S2_WELDING,480,53.0,42,537,17
2026-09-11,C,LINE_B,S3_PAINTING,480,16.9,36,688,28
2026-09-11,C,LINE_B,S4_ASSEMBLY,480,48.9,33,749,23
2026-09-12,A,LINE_A,S1_CUTTING,480,48.0,30,703,9
2026-09-12,A,LINE_A,S2_WELDING,480,25.5,42,533,7
2026-09-12,A,LINE_A,S3_PAINTING,480,8.9,36,667,20
2026-09-12,A,LINE_A,S4_ASSEMBLY,480,6.1,33,777,19
2026-09-12,A,LINE_B,S1_CUTTING,480,40.9,30,774,27
2026-09-12,A,LINE_B,S2_WELDING,480,25.9,42,548,10
2026-09-12,A,LINE_B,S3_PAINTING,480,34.4,36,700,25
2026-09-12,A,LINE_B,S4_ASSEMBLY,480,28.2,33,679,18
2026-09-12,B,LINE_A,S1_CUTTING,480,27.0,30,810,12
2026-09-12,B,LINE_A,S2_WELDING,480,19.1,42,562,8
2026-09-12,B,LINE_A,S3_PAINTING,480,19.9,36,631,27
2026-09-12,B,LINE_A,S4_ASSEMBLY,480,8.4,33,765,18
2026-09-12,B,LINE_B,S1_CUTTING,480,20.7,30,778,20
2026-09-12,B,LINE_B,S2_WELDING,480,16.6,42,536,6
2026-09-12,B,LINE_B,S3_PAINTING,480,11.7,36,669,25
2026-09-12,B,LINE_B,S4_ASSEMBLY,480,32.7,33,784,19
2026-09-12,C,LINE_A,S1_CUTTING,480,30.7,30,780,13
2026-09-12,C,LINE_A,S2_WELDING,480,44.2,42,601,14
2026-09-12,C,LINE_A,S3_PAINTING,480,51.0,36,681,24
2026-09-12,C,LINE_A,S4_ASSEMBLY,480,34.6,33,683,21
2026-09-12,C,LINE_B,S1_CUTTING,480,34.0,30,787,8
2026-09-12,C,LINE_B,S2_WELDING,480,35.5,42,551,7
2026-09-12,C,LINE_B,S3_PAINTING,480,43.9,36,699,40
2026-09-12,C,LINE_B,S4_ASSEMBLY,480,49.4,33,664,16
2026-09-13,A,LINE_A,S1_CUTTING,480,30.5,30,863,26
2026-09-13,A,LINE_A,S2_WELDING,480,18.8,42,612,10
2026-09-13,A,LINE_A,S3_PAINTING,480,19.9,36,665,37
2026-09-13,A,LINE_A,S4_ASSEMBLY,480,10.3,33,729,19
2026-09-13,A,LINE_B,S1_CUTTING,480,5.8,30,887,21
2026-09-13,A,LINE_B,S2_WELDING,480,34.0,42,605,10
2026-09-13,A,LINE_B,S3_PAINTING,480,9.1,36,710,28
2026-09-13,A,LINE_B,S4_ASSEMBLY,480,20.7,33,745,19
2026-09-13,B,LINE_A,S1_CUTTING,480,27.3,30,769,11
2026-09-13,B,LINE_A,S2_WELDING,480,29.6,42,593,14
2026-09-13,B,LINE_A,S3_PAINTING,480,15.5,36,747,42
2026-09-13,B,LINE_A,S4_ASSEMBLY,480,14.5,33,791,13
2026-09-13,B,LINE_B,S1_CUTTING,480,45.8,30,720,10
2026-09-13,B,LINE_B,S2_WELDING,480,40.1,42,562,11
2026-09-13,B,LINE_B,S3_PAINTING,480,22.8,36,647,20
2026-09-13,B,LINE_B,S4_ASSEMBLY,480,17.0,33,774,23
2026-09-13,C,LINE_A,S1_CUTTING,480,50.2,30,762,19
2026-09-13,C,LINE_A,S2_WELDING,480,51.0,42,506,16
2026-09-13,C,LINE_A,S3_PAINTING,480,21.7,36,662,26
2026-09-13,C,LINE_A,S4_ASSEMBLY,480,23.3,33,667,18
2026-09-13,C,LINE_B,S1_CUTTING,480,47.9,30,756,7
2026-09-13,C,LINE_B,S2_WELDING,480,29.3,42,534,7
2026-09-13,C,LINE_B,S3_PAINTING,480,36.4,36,689,36
2026-09-13,C,LINE_B,S4_ASSEMBLY,480,32.3,33,727,17
2026-09-14,A,LINE_A,S1_CUTTING,480,24.1,30,772,16
2026-09-14,A,LINE_A,S2_WELDING,480,9.1,42,613,24
2026-09-14,A,LINE_A,S3_PAINTING,480,19.3,36,702,41
2026-09-14,A,LINE_A,S4_ASSEMBLY,480,21.9,33,730,23
2026-09-14,A,LINE_B,S1_CUTTING,480,32.0,30,852,22
2026-09-14,A,LINE_B,S2_WELDING,480,31.3,42,529,18
2026-09-14,A,LINE_B,S3_PAINTING,480,8.7,36,634,21
2026-09-14,A,LINE_B,S4_ASSEMBLY,480,28.4,33,697,9
2026-09-14,B,LINE_A,S1_CUTTING,480,20.5,30,811,17
2026-09-14,B,LINE_A,S2_WELDING,480,25.8,42,614,19
2026-09-14,B,LINE_A,S3_PAINTING,480,39.3,36,690,38
2026-09-14,B,LINE_A,S4_ASSEMBLY,480,20.3,33,689,9
2026-09-14,B,LINE_B,S1_CUTTING,480,21.3,30,879,9
2026-09-14,B,LINE_B,S2_WELDING,480,4.6,42,565,14
2026-09-14,B,LINE_B,S3_PAINTING,480,37.2,36,689,40
2026-09-14,B,LINE_B,S4_ASSEMBLY,480,31.6,33,744,27
2026-09-14,C,LINE_A,S1_CUTTING,480,30.7,30,866,15
2026-09-14,C,LINE_A,S2_WELDING,480,35.4,42,524,18
2026-09-14,C,LINE_A,S3_PAINTING,480,43.2,36,682,29
2026-09-14,C,LINE_A,S4_ASSEMBLY,480,28.1,33,761,17
2026-09-14,C,LINE_B,S1_CUTTING,480,30.3,30,813,31
2026-09-14,C,LINE_B,S2_WELDING,480,39.9,42,527,19
2026-09-14,C,LINE_B,S3_PAINTING,480,41.4,36,586,33
2026-09-14,C,LINE_B,S4_ASSEMBLY,480,35.7,33,681,26
2026-09-15,A,LINE_A,S1_CUTTING,480,4.8,30,779,18
2026-09-15,A,LINE_A,S2_WELDING,480,0.0,42,626,17
2026-09-15,A,LINE_A,S3_PAINTING,480,17.0,36,649,31
2026-09-15,A,LINE_A,S4_ASSEMBLY,480,21.8,33,781,12
2026-09-15,A,LINE_B,S1_CUTTING,480,0.0,30,779,26
2026-09-15,A,LINE_B,S2_WELDING,480,29.5,42,558,14
2026-09-15,A,LINE_B,S3_PAINTING,480,27.9,36,715,28
2026-09-15,A,LINE_B,S4_ASSEMBLY,480,8.7,33,812,19
2026-09-15,B,LINE_A,S1_CUTTING,480,27.7,30,747,26
2026-09-15,B,LINE_A,S2_WELDING,480,9.7,42,588,6
2026-09-15,B,LINE_A,S3_PAINTING,480,13.3,36,662,29
2026-09-15,B,LINE_A,S4_ASSEMBLY,480,28.4,33,736,13
2026-09-15,B,LINE_B,S1_CUTTING,480,10.5,30,906,16
2026-09-15,B,LINE_B,S2_WELDING,480,14.8,42,596,7
2026-09-15,B,LINE_B,S3_PAINTING,480,34.3,36,718,39
2026-09-15,B,LINE_B,S4_ASSEMBLY,480,14.0,33,691,16
2026-09-15,C,LINE_A,S1_CUTTING,480,19.6,30,783,29
2026-09-15,C,LINE_A,S2_WELDING,480,28.6,42,601,15
2026-09-15,C,LINE_A,S3_PAINTING,480,39.1,36,606,32
2026-09-15,C,LINE_A,S4_ASSEMBLY,480,27.7,33,727,11
2026-09-15,C,LINE_B,S1_CUTTING,480,20.3,30,756,12
2026-09-15,C,LINE_B,S2_WELDING,480,33.8,42,587,20
2026-09-15,C,LINE_B,S3_PAINTING,480,40.1,36,647,19
2026-09-15,C,LINE_B,S4_ASSEMBLY,480,26.7,33,771,19
2026-09-16,A,LINE_A,S1_CUTTING,480,20.3,30,762,9
2026-09-16,A,LINE_A,S2_WELDING,480,11.2,42,642,7
2026-09-16,A,LINE_A,S3_PAINTING,480,23.7,36,676,29
2026-09-16,A,LINE_A,S4_ASSEMBLY,480,0.0,33,708,18
2026-09-16,A,LINE_B,S1_CUTTING,480,7.5,30,825,15
2026-09-16,A,LINE_B,S2_WELDING,480,18.9,42,556,17
2026-09-16,A,LINE_B,S3_PAINTING,480,28.7,36,621,33
2026-09-16,A,LINE_B,S4_ASSEMBLY,480,17.7,33,786,19
2026-09-16,B,LINE_A,S1_CUTTING,480,14.6,30,757,24
2026-09-16,B,LINE_A,S2_WELDING,480,30.6,42,532,7
2026-09-16,B,LINE_A,S3_PAINTING,480,43.1,36,633,31
2026-09-16,B,LINE_A,S4_ASSEMBLY,480,18.0,33,698,22
2026-09-16,B,LINE_B,S1_CUTTING,480,30.3,30,731,11
2026-09-16,B,LINE_B,S2_WELDING,480,6.0,42,581,15
2026-09-16,B,LINE_B,S3_PAINTING,480,28.9,36,649,21
2026-09-16,B,LINE_B,S4_ASSEMBLY,480,21.0,33,689,25
2026-09-16,C,LINE_A,S1_CUTTING,480,26.5,30,852,29
2026-09-16,C,LINE_A,S2_WELDING,480,34.7,42,589,14
2026-09-16,C,LINE_A,S3_PAINTING,480,37.4,36,710,28
2026-09-16,C,LINE_A,S4_ASSEMBLY,480,28.3,33,699,25
2026-09-16,C,LINE_B,S1_CUTTING,480,34.7,30,765,28
2026-09-16,C,LINE_B,S2_WELDING,480,27.6,42,571,15
2026-09-16,C,LINE_B,S3_PAINTING,480,25.9,36,620,19
2026-09-16,C,LINE_B,S4_ASSEMBLY,480,41.9,33,698,26
2026-09-17,A,LINE_A,S1_CUTTING,480,20.8,30,828,13
2026-09-17,A,LINE_A,S2_WELDING,480,17.3,42,550,21
2026-09-17,A,LINE_A,S3_PAINTING,480,29.4,36,725,27
2026-09-17,A,LINE_A,S4_ASSEMBLY,480,22.0,33,755,17
2026-09-17,A,LINE_B,S1_CUTTING,480,18.5,30,825,25
2026-09-17,A,LINE_B,S2_WELDING,480,0.7,42,586,16
2026-09-17,A,LINE_B,S3_PAINTING,480,6.4,36,725,39
2026-09-17,A,LINE_B,S4_ASSEMBLY,480,19.3,33,777,19
2026-09-17,B,LINE_A,S1_CUTTING,480,31.4,30,792,26
2026-09-17,B,LINE_A,S2_WELDING,480,23.3,42,600,7
2026-09-17,B,LINE_A,S3_PAINTING,480,23.7,36,673,22
2026-09-17,B,LINE_A,S4_ASSEMBLY,480,29.6,33,762,20
2026-09-17,B,LINE_B,S1_CUTTING,480,0.0,30,895,21
2026-09-17,B,LINE_B,S2_WELDING,480,32.9,42,532,6
2026-09-17,B,LINE_B,S3_PAINTING,480,29.5,36,697,22
2026-09-17,B,LINE_B,S4_ASSEMBLY,480,10.6,33,765,26
2026-09-17,C,LINE_A,S1_CUTTING,480,25.6,30,763,13
2026-09-17,C,LINE_A,S2_WELDING,480,26.2,42,613,9
2026-09-17,C,LINE_A,S3_PAINTING,480,29.2,36,631,22
2026-09-17,C,LINE_A,S4_ASSEMBLY,480,46.9,33,736,23
2026-09-17,C,LINE_B,S1_CUTTING,480,20.6,30,846,18
2026-09-17,C,LINE_B,S2_WELDING,480,30.3,42,606,7
2026-09-17,C,LINE_B,S3_PAINTING,480,37.4,36,689,35
2026-09-17,C,LINE_B,S4_ASSEMBLY,480,30.0,33,767,8
2026-09-18,A,LINE_A,S1_CUTTING,480,9.7,30,794,23
2026-09-18,A,LINE_A,S2_WELDING,480,26.0,42,542,7
2026-09-18,A,LINE_A,S3_PAINTING,480,9.3,36,753,37
2026-09-18,A,LINE_A,S4_ASSEMBLY,480,31.9,33,781,26
2026-09-18,A,LINE_B,S1_CUTTING,480,10.5,30,820,20
2026-09-18,A,LINE_B,S2_WELDING,480,23.9,42,611,11
2026-09-18,A,LINE_B,S3_PAINTING,480,35.7,36,702,32
2026-09-18,A,LINE_B,S4_ASSEMBLY,480,17.6,33,676,20
2026-09-18,B,LINE_A,S1_CUTTING,480,27.0,30,730,14
2026-09-18,B,LINE_A,S2_WELDING,480,30.6,42,573,8
2026-09-18,B,LINE_A,S3_PAINTING,480,6.0,36,687,30
2026-09-18,B,LINE_A,S4_ASSEMBLY,480,12.2,33,756,11
2026-09-18,B,LINE_B,S1_CUTTING,480,13.8,30,842,25
2026-09-18,B,LINE_B,S2_WELDING,480,36.9,42,605,20
2026-09-18,B,LINE_B,S3_PAINTING,480,32.9,36,676,32
2026-09-18,B,LINE_B,S4_ASSEMBLY,480,22.6,33,725,27
2026-09-18,C,LINE_A,S1_CUTTING,480,49.9,30,803,19
2026-09-18,C,LINE_A,S2_WELDING,480,28.8,42,559,5
2026-09-18,C,LINE_A,S3_PAINTING,480,44.2,36,663,36
2026-09-18,C,LINE_A,S4_ASSEMBLY,480,48.3,33,678,15
2026-09-18,C,LINE_B,S1_CUTTING,480,45.0,30,843,9
2026-09-18,C,LINE_B,S2_WELDING,480,26.8,42,523,12
2026-09-18,C,LINE_B,S3_PAINTING,480,28.4,36,614,31
2026-09-18,C,LINE_B,S4_ASSEMBLY,480,28.7,33,660,18
2026-09-19,A,LINE_A,S1_CUTTING,480,30.1,30,763,15
2026-09-19,A,LINE_A,S2_WELDING,480,6.3,42,648,23
2026-09-19,A,LINE_A,S3_PAINTING,480,21.5,36,736,34
2026-09-19,A,LINE_A,S4_ASSEMBLY,480,0.0,33,770,28
2026-09-19,A,LINE_B,S1_CUTTING,480,24.7,30,875,22
2026-09-19,A,LINE_B,S2_WELDING,480,22.9,42,607,21
2026-09-19,A,LINE_B,S3_PAINTING,480,37.1,36,628,30
2026-09-19,A,LINE_B,S4_ASSEMBLY,480,21.0,33,788,21
2026-09-19,B,LINE_A,S1_CUTTING,480,10.3,30,818,12
2026-09-19,B,LINE_A,S2_WELDING,480,9.9,42,546,21
2026-09-19,B,LINE_A,S3_PAINTING,480,11.0,36,756,26
2026-09-19,B,LINE_A,S4_ASSEMBLY,480,19.1,33,803,24
2026-09-19,B,LINE_B,S1_CUTTING,480,29.1,30,856,13
2026-09-19,B,LINE_B,S2_WELDING,480,22.4,42,604,18
2026-09-19,B,LINE_B,S3_PAINTING,480,16.7,36,618,23
2026-09-19,B,LINE_B,S4_ASSEMBLY,480,27.5,33,714,8
2026-09-19,C,LINE_A,S1_CUTTING,480,29.6,30,857,34
2026-09-19,C,LINE_A,S2_WELDING,480,41.5,42,522,13
2026-09-19,C,LINE_A,S3_PAINTING,480,30.2,36,608,22
2026-09-19,C,LINE_A,S4_ASSEMBLY,480,36.8,33,728,28
2026-09-19,C,LINE_B,S1_CUTTING,480,14.0,30,834,24
2026-09-19,C,LINE_B,S2_WELDING,480,39.7,42,533,15
2026-09-19,C,LINE_B,S3_PAINTING,480,42.3,36,700,29
2026-09-19,C,LINE_B,S4_ASSEMBLY,480,40.4,33,765,28
2026-09-20,A,LINE_A,S1_CUTTING,480,11.5,30,762,11
2026-09-20,A,LINE_A,S2_WELDING,480,17.0,42,563,9
2026-09-20,A,LINE_A,S3_PAINTING,480,9.8,36,659,38
2026-09-20,A,LINE_A,S4_ASSEMBLY,480,17.9,33,732,28
2026-09-20,A,LINE_B,S1_CUTTING,480,32.6,30,733,16
2026-09-20,A,LINE_B,S2_WELDING,480,8.9,42,596,23
2026-09-20,A,LINE_B,S3_PAINTING,480,35.0,36,598,20
2026-09-20,A,LINE_B,S4_ASSEMBLY,480,31.2,33,784,14
2026-09-20,B,LINE_A,S1_CUTTING,480,10.1,30,788,30
2026-09-20,B,LINE_A,S2_WELDING,480,24.2,42,583,6
2026-09-20,B,LINE_A,S3_PAINTING,480,0.5,36,692,32
2026-09-20,B,LINE_A,S4_ASSEMBLY,480,29.8,33,667,8
2026-09-20,B,LINE_B,S1_CUTTING,480,37.9,30,816,11
2026-09-20,B,LINE_B,S2_WELDING,480,25.0,42,568,7
2026-09-20,B,LINE_B,S3_PAINTING,480,3.6,36,684,34
2026-09-20,B,LINE_B,S4_ASSEMBLY,480,17.8,33,802,25
2026-09-20,C,LINE_A,S1_CUTTING,480,32.8,30,739,17
2026-09-20,C,LINE_A,S2_WELDING,480,28.0,42,559,21
2026-09-20,C,LINE_A,S3_PAINTING,480,43.9,36,668,25
2026-09-20,C,LINE_A,S4_ASSEMBLY,480,36.9,33,658,8
2026-09-20,C,LINE_B,S1_CUTTING,480,43.9,30,840,24
2026-09-20,C,LINE_B,S2_WELDING,480,44.6,42,504,19
2026-09-20,C,LINE_B,S3_PAINTING,480,42.7,36,616,34
2026-09-20,C,LINE_B,S4_ASSEMBLY,480,41.7,33,668,19
2026-09-21,A,LINE_A,S1_CUTTING,480,1.7,30,859,11
2026-09-21,A,LINE_A,S2_WELDING,480,20.8,42,591,5
2026-09-21,A,LINE_A,S3_PAINTING,480,15.0,36,667,38
2026-09-21,A,LINE_A,S4_ASSEMBLY,480,17.5,33,720,23
2026-09-21,A,LINE_B,S1_CUTTING,480,27.8,30,771,25
2026-09-21,A,LINE_B,S2_WELDING,480,13.8,42,573,13
2026-09-21,A,LINE_B,S3_PAINTING,480,12.6,36,740,36
2026-09-21,A,LINE_B,S4_ASSEMBLY,480,5.3,33,809,15
2026-09-21,B,LINE_A,S1_CUTTING,480,26.9,30,830,18
2026-09-21,B,LINE_A,S2_WELDING,480,26.1,42,536,15
2026-09-21,B,LINE_A,S3_PAINTING,480,18.4,36,727,23
2026-09-21,B,LINE_A,S4_ASSEMBLY,480,16.9,33,685,22
2026-09-21,B,LINE_B,S1_CUTTING,480,34.5,30,774,29
2026-09-21,B,LINE_B,S2_WELDING,480,35.3,42,510,13
2026-09-21,B,LINE_B,S3_PAINTING,480,16.0,36,716,29
2026-09-21,B,LINE_B,S4_ASSEMBLY,480,8.0,33,737,20
2026-09-21,C,LINE_A,S1_CUTTING,480,44.6,30,822,14
2026-09-21,C,LINE_A,S2_WELDING,480,26.2,42,626,12
2026-09-21,C,LINE_A,S3_PAINTING,480,38.4,36,713,24
2026-09-21,C,LINE_A,S4_ASSEMBLY,480,21.2,33,719,8
2026-09-21,C,LINE_B,S1_CUTTING,480,35.6,30,741,27
2026-09-21,C,LINE_B,S2_WELDING,480,40.2,42,518,9
2026-09-21,C,LINE_B,S3_PAINTING,480,47.4,36,622,23
2026-09-21,C,LINE_B,S4_ASSEMBLY,480,53.1,33,697,12
2026-09-22,A,LINE_A,S1_CUTTING,480,16.3,30,749,10
2026-09-22,A,LINE_A,S2_WELDING,480,27.1,42,540,18
2026-09-22,A,LINE_A,S3_PAINTING,480,15.4,36,698,38
2026-09-22,A,LINE_A,S4_ASSEMBLY,480,16.1,33,697,8
2026-09-22,A,LINE_B,S1_CUTTING,480,19.7,30,890,31
2026-09-22,A,LINE_B,S2_WELDING,480,35.8,42,519,17
2026-09-22,A,LINE_B,S3_PAINTING,480,28.1,36,722,37
2026-09-22,A,LINE_B,S4_ASSEMBLY,480,30.1,33,739,16
2026-09-22,B,LINE_A,S1_CUTTING,480,26.3,30,823,30
2026-09-22,B,LINE_A,S2_WELDING,480,18.7,42,529,7
2026-09-22,B,LINE_A,S3_PAINTING,480,8.8,36,719,35
2026-09-22,B,LINE_A,S4_ASSEMBLY,480,19.5,33,731,24
2026-09-22,B,LINE_B,S1_CUTTING,480,36.8,30,798,27
2026-09-22,B,LINE_B,S2_WELDING,480,22.0,42,545,16
2026-09-22,B,LINE_B,S3_PAINTING,480,12.5,36,687,39
2026-09-22,B,LINE_B,S4_ASSEMBLY,480,30.7,33,779,12
2026-09-22,C,LINE_A,S1_CUTTING,480,21.6,30,754,23
2026-09-22,C,LINE_A,S2_WELDING,480,47.4,42,526,19
2026-09-22,C,LINE_A,S3_PAINTING,480,57.1,36,679,34
2026-09-22,C,LINE_A,S4_ASSEMBLY,480,25.6,33,793,25
2026-09-22,C,LINE_B,S1_CUTTING,480,45.1,30,737,11
2026-09-22,C,LINE_B,S2_WELDING,480,33.9,42,537,12
2026-09-22,C,LINE_B,S3_PAINTING,480,44.2,36,658,38
2026-09-22,C,LINE_B,S4_ASSEMBLY,480,45.4,33,669,10
2026-09-23,A,LINE_A,S1_CUTTING,480,27.5,30,790,29
2026-09-23,A,LINE_A,S2_WELDING,480,30.4,42,545,18
2026-09-23,A,LINE_A,S3_PAINTING,480,0.0,36,699,30
2026-09-23,A,LINE_A,S4_ASSEMBLY,480,10.1,33,705,8
2026-09-23,A,LINE_B,S1_CUTTING,480,18.9,30,815,28
2026-09-23,A,LINE_B,S2_WELDING,480,26.8,42,626,17
2026-09-23,A,LINE_B,S3_PAINTING,480,20.8,36,687,38
2026-09-23,A,LINE_B,S4_ASSEMBLY,480,18.4,33,737,16
2026-09-23,B,LINE_A,S1_CUTTING,480,30.5,30,747,8
2026-09-23,B,LINE_A,S2_WELDING,480,21.2,42,593,11
2026-09-23,B,LINE_A,S3_PAINTING,480,11.7,36,703,28
2026-09-23,B,LINE_A,S4_ASSEMBLY,480,15.0,33,696,23
2026-09-23,B,LINE_B,S1_CUTTING,480,24.4,30,828,18
2026-09-23,B,LINE_B,S2_WELDING,480,24.3,42,598,13
2026-09-23,B,LINE_B,S3_PAINTING,480,10.2,36,750,42
2026-09-23,B,LINE_B,S4_ASSEMBLY,480,31.5,33,732,21
2026-09-23,C,LINE_A,S1_CUTTING,480,54.0,30,719,19
2026-09-23,C,LINE_A,S2_WELDING,480,47.2,42,546,20
2026-09-23,C,LINE_A,S3_PAINTING,480,36.2,36,639,27
2026-09-23,C,LINE_A,S4_ASSEMBLY,480,27.1,33,662,13
2026-09-23,C,LINE_B,S1_CUTTING,480,41.2,30,784,15
2026-09-23,C,LINE_B,S2_WELDING,480,30.7,42,611,15
2026-09-23,C,LINE_B,S3_PAINTING,480,22.7,36,635,28
2026-09-23,C,LINE_B,S4_ASSEMBLY,480,32.1,33,788,13
2026-09-24,A,LINE_A,S1_CUTTING,480,35.3,30,773,19
2026-09-24,A,LINE_A,S2_WELDING,480,22.3,42,549,9
2026-09-24,A,LINE_A,S3_PAINTING,480,19.9,36,710,36
2026-09-24,A,LINE_A,S4_ASSEMBLY,480,1.0,33,709,23
2026-09-24,A,LINE_B,S1_CUTTING,480,11.3,30,831,13
2026-09-24,A,LINE_B,S2_WELDING,480,12.1,42,592,14
2026-09-24,A,LINE_B,S3_PAINTING,480,28.0,36,660,21
2026-09-24,A,LINE_B,S4_ASSEMBLY,480,15.5,33,757,9
2026-09-24,B,LINE_A,S1_CUTTING,480,31.8,30,761,18
2026-09-24,B,LINE_A,S2_WELDING,480,7.3,42,555,7
2026-09-24,B,LINE_A,S3_PAINTING,480,17.6,36,699,35
2026-09-24,B,LINE_A,S4_ASSEMBLY,480,23.4,33,726,20
2026-09-24,B,LINE_B,S1_CUTTING,480,32.8,30,864,26
2026-09-24,B,LINE_B,S2_WELDING,480,8.2,42,596,14
2026-09-24,B,LINE_B,S3_PAINTING,480,27.9,36,612,33
2026-09-24,B,LINE_B,S4_ASSEMBLY,480,23.8,33,801,17
2026-09-24,C,LINE_A,S1_CUTTING,480,41.1,30,806,18
2026-09-24,C,LINE_A,S2_WELDING,480,36.0,42,611,15
2026-09-24,C,LINE_A,S3_PAINTING,480,36.8,36,688,33
2026-09-24,C,LINE_A,S4_ASSEMBLY,480,31.5,33,671,26
2026-09-24,C,LINE_B,S1_CUTTING,480,41.7,30,721,15
2026-09-24,C,LINE_B,S2_WELDING,480,32.0,42,541,6
2026-09-24,C,LINE_B,S3_PAINTING,480,30.9,36,664,39
2026-09-24,C,LINE_B,S4_ASSEMBLY,480,35.6,33,714,15
2026-09-25,A,LINE_A,S1_CUTTING,480,20.6,30,890,25
2026-09-25,A,LINE_A,S2_WELDING,480,10.2,42,649,10
2026-09-25,A,LINE_A,S3_PAINTING,480,22.9,36,712,31
2026-09-25,A,LINE_A,S4_ASSEMBLY,480,12.6,33,765,16
2026-09-25,A,LINE_B,S1_CUTTING,480,26.1,30,838,27
2026-09-25,A,LINE_B,S2_WELDING,480,24.0,42,562,6
2026-09-25,A,LINE_B,S3_PAINTING,480,24.4,36,684,37
2026-09-25,A,LINE_B,S4_ASSEMBLY,480,23.3,33,681,7
2026-09-25,B,LINE_A,S1_CUTTING,480,13.7,30,827,14
2026-09-25,B,LINE_A,S2_WELDING,480,21.1,42,535,16
2026-09-25,B,LINE_A,S3_PAINTING,480,31.3,36,691,26
2026-09-25,B,LINE_A,S4_ASSEMBLY,480,10.8,33,772,12
2026-09-25,B,LINE_B,S1_CUTTING,480,18.1,30,761,23
2026-09-25,B,LINE_B,S2_WELDING,480,32.2,42,560,15
2026-09-25,B,LINE_B,S3_PAINTING,480,12.1,36,731,38
2026-09-25,B,LINE_B,S4_ASSEMBLY,480,24.1,33,787,17
2026-09-25,C,LINE_A,S1_CUTTING,480,50.9,30,764,25
2026-09-25,C,LINE_A,S2_WELDING,480,40.2,42,530,20
2026-09-25,C,LINE_A,S3_PAINTING,480,27.3,36,707,24
2026-09-25,C,LINE_A,S4_ASSEMBLY,480,18.6,33,734,9
2026-09-25,C,LINE_B,S1_CUTTING,480,50.2,30,812,10
2026-09-25,C,LINE_B,S2_WELDING,480,32.9,42,527,14
2026-09-25,C,LINE_B,S3_PAINTING,480,37.9,36,622,33
2026-09-25,C,LINE_B,S4_ASSEMBLY,480,31.1,33,702,12
2026-09-26,A,LINE_A,S1_CUTTING,480,8.0,30,912,29
2026-09-26,A,LINE_A,S2_WELDING,480,10.8,42,646,19
2026-09-26,A,LINE_A,S3_PAINTING,480,9.5,36,749,39
2026-09-26,A,LINE_A,S4_ASSEMBLY,480,9.3,33,713,9
2026-09-26,A,LINE_B,S1_CUTTING,480,11.2,30,858,29
2026-09-26,A,LINE_B,S2_WELDING,480,17.2,42,630,13
2026-09-26,A,LINE_B,S3_PAINTING,480,2.5,36,668,22
2026-09-26,A,LINE_B,S4_ASSEMBLY,480,38.4,33,710,9
2026-09-26,B,LINE_A,S1_CUTTING,480,26.4,30,781,18
2026-09-26,B,LINE_A,S2_WELDING,480,21.1,42,559,17
2026-09-26,B,LINE_A,S3_PAINTING,480,19.2,36,672,28
2026-09-26,B,LINE_A,S4_ASSEMBLY,480,21.8,33,775,30
2026-09-26,B,LINE_B,S1_CUTTING,480,19.5,30,782,27
2026-09-26,B,LINE_B,S2_WELDING,480,11.7,42,570,16
2026-09-26,B,LINE_B,S3_PAINTING,480,29.1,36,629,31
2026-09-26,B,LINE_B,S4_ASSEMBLY,480,4.4,33,705,26
2026-09-26,C,LINE_A,S1_CUTTING,480,48.0,30,798,20
2026-09-26,C,LINE_A,S2_WELDING,480,23.7,42,593,8
2026-09-26,C,LINE_A,S3_PAINTING,480,36.8,36,603,24
2026-09-26,C,LINE_A,S4_ASSEMBLY,480,66.0,33,715,15
2026-09-26,C,LINE_B,S1_CUTTING,480,50.1,30,774,18
2026-09-26,C,LINE_B,S2_WELDING,480,22.1,42,540,6
2026-09-26,C,LINE_B,S3_PAINTING,480,19.3,36,740,43
2026-09-26,C,LINE_B,S4_ASSEMBLY,480,35.4,33,726,21
2026-09-27,A,LINE_A,S1_CUTTING,480,31.4,30,761,7
2026-09-27,A,LINE_A,S2_WELDING,480,23.4,42,629,20
2026-09-27,A,LINE_A,S3_PAINTING,480,8.0,36,742,35
2026-09-27,A,LINE_A,S4_ASSEMBLY,480,25.6,33,771,10
2026-09-27,A,LINE_B,S1_CUTTING,480,12.1,30,837,10
2026-09-27,A,LINE_B,S2_WELDING,480,21.0,42,617,21
2026-09-27,A,LINE_B,S3_PAINTING,480,23.4,36,634,37
2026-09-27,A,LINE_B,S4_ASSEMBLY,480,27.4,33,702,25
2026-09-27,B,LINE_A,S1_CUTTING,480,20.7,30,787,16
2026-09-27,B,LINE_A,S2_WELDING,480,13.7,42,616,17
2026-09-27,B,LINE_A,S3_PAINTING,480,9.7,36,742,23
2026-09-27,B,LINE_A,S4_ASSEMBLY,480,2.6,33,826,11
2026-09-27,B,LINE_B,S1_CUTTING,480,12.8,30,884,29
2026-09-27,B,LINE_B,S2_WELDING,480,23.6,42,541,18
2026-09-27,B,LINE_B,S3_PAINTING,480,30.8,36,617,35
2026-09-27,B,LINE_B,S4_ASSEMBLY,480,12.8,33,737,21
2026-09-27,C,LINE_A,S1_CUTTING,480,46.3,30,734,29
2026-09-27,C,LINE_A,S2_WELDING,480,38.4,42,573,12
2026-09-27,C,LINE_A,S3_PAINTING,480,34.9,36,629,26
2026-09-27,C,LINE_A,S4_ASSEMBLY,480,34.9,33,759,25
2026-09-27,C,LINE_B,S1_CUTTING,480,33.8,30,795,16
2026-09-27,C,LINE_B,S2_WELDING,480,20.5,42,623,20
2026-09-27,C,LINE_B,S3_PAINTING,480,23.7,36,703,23
2026-09-27,C,LINE_B,S4_ASSEMBLY,480,35.3,33,677,14
2026-09-28,A,LINE_A,S1_CUTTING,480,21.4,30,795,22
2026-09-28,A,LINE_A,S2_WELDING,480,30.8,42,543,11
2026-09-28,A,LINE_A,S3_PAINTING,480,19.7,36,631,26
2026-09-28,A,LINE_A,S4_ASSEMBLY,480,18.2,33,711,23
2026-09-28,A,LINE_B,S1_CUTTING,480,37.7,30,821,12
2026-09-28,A,LINE_B,S2_WELDING,480,9.7,42,555,22
2026-09-28,A,LINE_B,S3_PAINTING,480,13.8,36,715,27
2026-09-28,A,LINE_B,S4_ASSEMBLY,480,4.4,33,695,10
2026-09-28,B,LINE_A,S1_CUTTING,480,22.8,30,821,19
2026-09-28,B,LINE_A,S2_WELDING,480,21.2,42,535,16
2026-09-28,B,LINE_A,S3_PAINTING,480,15.8,36,649,34
2026-09-28,B,LINE_A,S4_ASSEMBLY,480,20.0,33,732,25
2026-09-28,B,LINE_B,S1_CUTTING,480,13.3,30,826,17
2026-09-28,B,LINE_B,S2_WELDING,480,10.2,42,596,23
2026-09-28,B,LINE_B,S3_PAINTING,480,27.8,36,617,26
2026-09-28,B,LINE_B,S4_ASSEMBLY,480,34.4,33,745,11
2026-09-28,C,LINE_A,S1_CUTTING,480,20.9,30,832,10
2026-09-28,C,LINE_A,S2_WELDING,480,26.4,42,594,19
2026-09-28,C,LINE_A,S3_PAINTING,480,39.6,36,607,22
2026-09-28,C,LINE_A,S4_ASSEMBLY,480,37.9,33,729,11
2026-09-28,C,LINE_B,S1_CUTTING,480,32.5,30,753,25
2026-09-28,C,LINE_B,S2_WELDING,480,27.2,42,535,20
2026-09-28,C,LINE_B,S3_PAINTING,480,50.4,36,680,27
2026-09-28,C,LINE_B,S4_ASSEMBLY,480,44.7,33,697,10
2026-09-29,A,LINE_A,S1_CUTTING,480,5.7,30,847,21
2026-09-29,A,LINE_A,S2_WELDING,480,27.2,42,563,14
2026-09-29,A,LINE_A,S3_PAINTING,480,11.6,36,684,33
2026-09-29,A,LINE_A,S4_ASSEMBLY,480,35.3,33,751,7
2026-09-29,A,LINE_B,S1_CUTTING,480,21.7,30,862,28
2026-09-29,A,LINE_B,S2_WELDING,480,16.1,42,625,7
2026-09-29,A,LINE_B,S3_PAINTING,480,6.8,36,741,26
2026-09-29,A,LINE_B,S4_ASSEMBLY,480,10.2,33,819,13
2026-09-29,B,LINE_A,S1_CUTTING,480,23.4,30,821,18
2026-09-29,B,LINE_A,S2_WELDING,480,44.6,42,540,18
2026-09-29,B,LINE_A,S3_PAINTING,480,8.9,36,677,34
2026-09-29,B,LINE_A,S4_ASSEMBLY,480,27.1,33,763,8
2026-09-29,B,LINE_B,S1_CUTTING,480,11.8,30,802,22
2026-09-29,B,LINE_B,S2_WELDING,480,22.7,42,581,22
2026-09-29,B,LINE_B,S3_PAINTING,480,25.9,36,670,22
2026-09-29,B,LINE_B,S4_ASSEMBLY,480,27.4,33,692,25
2026-09-29,C,LINE_A,S1_CUTTING,480,16.9,30,891,9
2026-09-29,C,LINE_A,S2_WELDING,480,45.3,42,524,8
2026-09-29,C,LINE_A,S3_PAINTING,480,34.4,36,632,30
2026-09-29,C,LINE_A,S4_ASSEMBLY,480,24.8,33,721,9
2026-09-29,C,LINE_B,S1_CUTTING,480,39.5,30,801,29
2026-09-29,C,LINE_B,S2_WELDING,480,38.2,42,587,16
2026-09-29,C,LINE_B,S3_PAINTING,480,35.3,36,704,38
2026-09-29,C,LINE_B,S4_ASSEMBLY,480,54.0,33,735,11
2026-09-30,A,LINE_A,S1_CUTTING,480,15.4,30,768,22
2026-09-30,A,LINE_A,S2_WELDING,480,2.5,42,557,15
2026-09-30,A,LINE_A,S3_PAINTING,480,31.5,36,660,24
2026-09-30,A,LINE_A,S4_ASSEMBLY,480,22.6,33,729,12
2026-09-30,A,LINE_B,S1_CUTTING,480,16.5,30,801,30
2026-09-30,A,LINE_B,S2_WELDING,480,14.6,42,564,19
2026-09-30,A,LINE_B,S3_PAINTING,480,24.7,36,669,35
2026-09-30,A,LINE_B,S4_ASSEMBLY,480,19.3,33,806,19
2026-09-30,B,LINE_A,S1_CUTTING,480,21.4,30,877,31
2026-09-30,B,LINE_A,S2_WELDING,480,15.3,42,593,13
2026-09-30,B,LINE_A,S3_PAINTING,480,23.3,36,709,28
2026-09-30,B,LINE_A,S4_ASSEMBLY,480,9.8,33,772,13
2026-09-30,B,LINE_B,S1_CUTTING,480,32.6,30,738,21
2026-09-30,B,LINE_B,S2_WELDING,480,18.9,42,613,9
2026-09-30,B,LINE_B,S3_PAINTING,480,16.2,36,694,29
2026-09-30,B,LINE_B,S4_ASSEMBLY,480,16.6,33,795,10
2026-09-30,C,LINE_A,S1_CUTTING,480,29.5,30,783,23
2026-09-30,C,LINE_A,S2_WELDING,480,35.0,42,579,8
2026-09-30,C,LINE_A,S3_PAINTING,480,40.6,36,654,22
2026-09-30,C,LINE_A,S4_ASSEMBLY,480,31.5,33,751,24
2026-09-30,C,LINE_B,S1_CUTTING,480,56.3,30,779,16
2026-09-30,C,LINE_B,S2_WELDING,480,23.3,42,580,15
2026-09-30,C,LINE_B,S3_PAINTING,480,30.4,36,706,24
2026-09-30,C,LINE_B,S4_ASSEMBLY,480,31.8,33,688,7
